"Year","Value","Country"
"1992","6.7825","Aland Islands"
"1992","20.2075","Algeria"
"1992","27.47","American Samoa"
"1992","15.807894736842107","Argentina"
"1992","2.9299999999999997","Armenia"
"1992","17.40796019900497","Australia"
"1992","8.297142857142857","Austria"
"1992","14.27","Azerbaijan"
"1992","24.9","Bahamas"
"1992","7.89","Belarus"
"1992","10.6","Belgium"
"1992","24.67","Belize"
"1992","22.93","Bermuda"
"1992","10.81","Bosnia and Herzegovina"
"1992","28.63","Cambodia"
"1992","4.4046001796945164","Canada"
"1992","11.195126903553298","China"
"1992","25.15","Christmas Island"
"1992","26.68","Cocos (Keeling) Islands"
"1992","16.675","Colombia"
"1992","25.58","Costa Rica"
"1992","13.436666666666667","Croatia"
"1992","27.8","Cuba"
"1992","18.44666666666667","Cyprus"
"1992","8.793333333333333","Czech Republic"
"1992","9.501999999999999","Denmark"
"1992","28.93","El Salvador"
"1992","6.679444444444445","Estonia"
"1992","-6.91","Falkland Islands (Malvinas)"
"1992","3.4971538461538456","Finland"
"1992","12.106086956521741","France"
"1992","26.37","French Guiana"
"1992","-11.575","French Southern Territories"
"1992","13.17","Georgia"
"1992","9.495638945233274","Germany"
"1992","16.39428571428571","Greece"
"1992","-5.754","Greenland"
"1992","26.79","Guadeloupe"
"1992","27.39","Guam"
"1992","16.89","Guatemala"
"1992","11.17","Guernsey"
"1992","11.662","Hungary"
"1992","2.25375","Iceland"
"1992","15.091249999999999","Iran, Islamic Republic of"
"1992","9.807142857142859","Ireland"
"1992","10.07","Isle of Man"
"1992","18.698","Israel"
"1992","12.245","Italy"
"1992","28.28","Jamaica"
"1992","18.8825","Japan"
"1992","11.33","Jersey"
"1992","5.92576923076923","Kazakhstan"
"1992","13.4","Korea, Republic of"
"1992","25.56","Kuwait"
"1992","4.07","Kyrgyzstan"
"1992","7.756666666666667","Lithuania"
"1992","9.67","Luxembourg"
"1992","27.546000000000003","Malaysia"
"1992","27.55","Maldives"
"1992","27.52","Marshall Islands"
"1992","24.403333333333336","Mauritius"
"1992","20.399255255255245","Mexico"
"1992","27.476249999999997","Micronesia, Federated States of"
"1992","10.45","Moldova, Republic of"
"1992","1.6545454545454545","Mongolia"
"1992","21.552500000000002","Namibia"
"1992","18.34","Nepal"
"1992","10.31344827586207","Netherlands"
"1992","23.255","New Caledonia"
"1992","11.015714285714285","New Zealand"
"1992","4.23010989010989","Norway"
"1992","26.990000000000002","Palau"
"1992","27.400000000000002","Papua New Guinea"
"1992","27.662857142857142","Philippines"
"1992","20.84","Pitcairn"
"1992","8.280000000000001","Poland"
"1992","15.693333333333333","Portugal"
"1992","25.453333333333337","Puerto Rico"
"1992","10.09695652173913","Romania"
"1992","-0.5255030800821348","Russian Federation"
"1992","18.425","Saint Helena"
"1992","23.928","Saudi Arabia"
"1992","12.61","Serbia"
"1992","26.6","Seychelles"
"1992","8.227500000000001","Slovakia"
"1992","9.744444444444445","Slovenia"
"1992","17.65818181818182","South Africa"
"1992","-3.69","South Georgia and the South Sandwich Islands"
"1992","14.983928571428573","Spain"
"1992","21.535","Sri Lanka"
"1992","-4.2","Svalbard and Jan Mayen"
"1992","5.463615023474178","Sweden"
"1992","9.174285714285714","Switzerland"
"1992","17.72","Syrian Arab Republic"
"1992","11.96","Tajikistan"
"1992","27.418","Thailand"
"1992","18.7","Tonga"
"1992","27.09","Trinidad and Tobago"
"1992","12.662","Turkey"
"1992","15.866666666666667","Turkmenistan"
"1992","8.932222222222224","Ukraine"
"1992","9.320886075949371","United Kingdom"
"1992","11.058902525371717","United States"
"1992","16.814999999999998","Uruguay"
"1992","14.571666666666665","Uzbekistan"
"1992","26.105","Venezuela"
"1992","27.67","Virgin Islands, U.S."
"1992","27.36","Wallis and Futuna"
"1993","5.9399999999999995","Aland Islands"
"1993","20.87","Algeria"
"1993","27.23","American Samoa"
"1993","16.50578947368421","Argentina"
"1993","3.75","Armenia"
"1993","18.101938534278965","Australia"
"1993","7.6000000000000005","Austria"
"1993","13.83","Azerbaijan"
"1993","25.11","Bahamas"
"1993","6.8566666666666665","Belarus"
"1993","10.1","Belgium"
"1993","24.88","Belize"
"1993","23.2","Bermuda"
"1993","10.58","Bosnia and Herzegovina"
"1993","28.29","Cambodia"
"1993","4.134333333333335","Canada"
"1993","10.993880597014927","China"
"1993","25.17","Christmas Island"
"1993","26.72","Cocos (Keeling) Islands"
"1993","26.54","Colombia"
"1993","26","Costa Rica"
"1993","12.823076923076924","Croatia"
"1993","26.505000000000003","Cuba"
"1993","19.263333333333332","Cyprus"
"1993","8.36","Czech Republic"
"1993","8.1225","Denmark"
"1993","26.38","Dominican Republic"
"1993","25.24","Egypt"
"1993","28.71","El Salvador"
"1993","5.362222222222222","Estonia"
"1993","-5.96","Falkland Islands (Malvinas)"
"1993","2.57928","Finland"
"1993","11.779347826086957","France"
"1993","26.31","French Guiana"
"1993","-12.815","French Southern Territories"
"1993","8.676196078431376","Germany"
"1993","16.792666666666666","Greece"
"1993","-5.99","Greenland"
"1993","26.82","Guadeloupe"
"1993","27.49","Guam"
"1993","17.31","Guatemala"
"1993","10.94","Guernsey"
"1993","10.65","Hungary"
"1993","2.1537499999999996","Iceland"
"1993","26.98","India"
"1993","15.598749999999999","Iran, Islamic Republic of"
"1993","9.782","Ireland"
"1993","9.59","Isle of Man"
"1993","19.784","Israel"
"1993","11.781818181818181","Italy"
"1993","18.11909090909091","Japan"
"1993","11.02","Jersey"
"1993","4.8404","Kazakhstan"
"1993","12.716666666666669","Korea, Republic of"
"1993","25.91","Kuwait"
"1993","3.37","Kyrgyzstan"
"1993","6.508333333333333","Lithuania"
"1993","9","Luxembourg"
"1993","27.48","Malaysia"
"1993","27.39","Maldives"
"1993","27.546666666666663","Marshall Islands"
"1993","24.536666666666665","Mauritius"
"1993","20.741025950512988","Mexico"
"1993","27.235","Micronesia, Federated States of"
"1993","1.3830000000000002","Mongolia"
"1993","21.880000000000003","Namibia"
"1993","18.52","Nepal"
"1993","9.468709677419353","Netherlands"
"1993","23.105","New Caledonia"
"1993","11.497142857142856","New Zealand"
"1993","3.6706896551724135","Norway"
"1993","26.830000000000002","Palau"
"1993","27.296666666666667","Papua New Guinea"
"1993","27.49857142857143","Philippines"
"1993","7.515000000000001","Poland"
"1993","15.07","Portugal"
"1993","25.452631578947365","Puerto Rico"
"1993","9.485","Romania"
"1993","-0.4751559251559251","Russian Federation"
"1993","18.905","Saint Helena"
"1993","25.06","Saudi Arabia"
"1993","11.903333333333334","Serbia"
"1993","26.8","Seychelles"
"1993","7.645","Slovakia"
"1993","9.276875","Slovenia"
"1993","17.456363636363633","South Africa"
"1993","-23.12","South Georgia and the South Sandwich Islands"
"1993","14.766666666666666","Spain"
"1993","21.685000000000002","Sri Lanka"
"1993","-4.956","Svalbard and Jan Mayen"
"1993","4.432975609756099","Sweden"
"1993","8.794285714285715","Switzerland"
"1993","18.773333333333337","Syrian Arab Republic"
"1993","11.52","Tajikistan"
"1993","27.411666666666665","Thailand"
"1993","13.315999999999999","Turkey"
"1993","15.646666666666667","Turkmenistan"
"1993","7.11125","Ukraine"
"1993","8.920789473684211","United Kingdom"
"1993","10.84445801923576","United States"
"1993","16.845","Uruguay"
"1993","13.793333333333335","Uzbekistan"
"1993","25.786","Venezuela"
"1993","28.69","Virgin Islands, U.S."
"1993","27.14","Wallis and Futuna"
"1994","5.87","Aland Islands"
"1994","20.9925","Algeria"
"1994","27.64","American Samoa"
"1994","16.657142857142855","Argentina"
"1994","8.655000000000001","Armenia"
"1994","17.993366583541146","Australia"
"1994","8.82","Austria"
"1994","14.62","Azerbaijan"
"1994","25.62","Bahamas"
"1994","7.31","Belarus"
"1994","11.07","Belgium"
"1994","25.07","Belize"
"1994","23.67","Bermuda"
"1994","11.64","Bosnia and Herzegovina"
"1994","28.52","Cambodia"
"1994","4.318469475494407","Canada"
"1994","11.871692307692308","China"
"1994","26.49","Cocos (Keeling) Islands"
"1994","23.034999999999997","Colombia"
"1994","25.77","Costa Rica"
"1994","13.947692307692307","Croatia"
"1994","28.05","Cuba"
"1994","20.203333333333333","Cyprus"
"1994","8.796666666666667","Czech Republic"
"1994","9.137500000000001","Denmark"
"1994","23.27666666666667","Egypt"
"1994","28.67","El Salvador"
"1994","5.4433333333333325","Estonia"
"1994","-9.09","Falkland Islands (Malvinas)"
"1994","2.6384868421052627","Finland"
"1994","12.969782608695652","France"
"1994","26.22","French Guiana"
"1994","-11.53","French Southern Territories"
"1994","9.912485436893204","Germany"
"1994","17.642","Greece"
"1994","-3.661","Greenland"
"1994","26.81","Guadeloupe"
"1994","27.016666666666666","Guam"
"1994","17.58","Guatemala"
"1994","11.8","Guernsey"
"1994","12.048","Hungary"
"1994","2.0774999999999997","Iceland"
"1994","16.2825","Iran, Islamic Republic of"
"1994","10.015714285714285","Ireland"
"1994","9.88","Isle of Man"
"1994","20.114","Israel"
"1994","12.851666666666667","Italy"
"1994","18.819090909090907","Japan"
"1994","11.85","Jersey"
"1994","5.929600000000001","Kazakhstan"
"1994","14.170000000000002","Korea, Republic of"
"1994","26.23","Kuwait"
"1994","3.87","Kyrgyzstan"
"1994","7.044999999999999","Lithuania"
"1994","10.844999999999999","Luxembourg"
"1994","27.558000000000003","Malaysia"
"1994","27.49","Maldives"
"1994","27.62","Marshall Islands"
"1994","24.866666666666664","Mauritius"
"1994","20.97455610357583","Mexico"
"1994","27.56833333333334","Micronesia, Federated States of"
"1994","2.2733333333333334","Mongolia"
"1994","21.44333333333333","Namibia"
"1994","18.73","Nepal"
"1994","10.422333333333333","Netherlands"
"1994","22.985","New Caledonia"
"1994","11.835714285714285","New Zealand"
"1994","3.2504347826086963","Norway"
"1994","27.69","Palau"
"1994","27.266666666666666","Papua New Guinea"
"1994","27.541428571428572","Philippines"
"1994","20.94","Pitcairn"
"1994","8.175","Poland"
"1994","15.841666666666667","Portugal"
"1994","25.137500000000003","Puerto Rico"
"1994","11.341818181818182","Romania"
"1994","-0.281370449678801","Russian Federation"
"1994","25.75","Saint Helena"
"1994","25.326","Saudi Arabia"
"1994","13.383333333333333","Serbia"
"1994","27.095","Seychelles"
"1994","8.9","Slovakia"
"1994","10.4375","Slovenia"
"1994","17.90818181818182","South Africa"
"1994","-3.48","South Georgia and the South Sandwich Islands"
"1994","15.80379746835443","Spain"
"1994","27.36","Sri Lanka"
"1994","-4.77","Svalbard and Jan Mayen"
"1994","4.629567307692309","Sweden"
"1994","9.985714285714286","Switzerland"
"1994","19.77","Syrian Arab Republic"
"1994","13.446666666666667","Tajikistan"
"1994","27.536666666666665","Thailand"
"1994","27.48","Trinidad and Tobago"
"1994","13.978333333333333","Turkey"
"1994","16.341666666666665","Turkmenistan"
"1994","9.706","Ukraine"
"1994","9.544375000000002","United Kingdom"
"1994","11.097045508696688","United States"
"1994","17.315","Uruguay"
"1994","14.566666666666668","Uzbekistan"
"1994","24.1975","Venezuela"
"1994","28.34","Virgin Islands, U.S."
"1994","27.38","Wallis and Futuna"
"1995","6.3149999999999995","Aland Islands"
"1995","21.1325","Algeria"
"1995","28.16","American Samoa"
"1995","16.956875","Argentina"
"1995","1.9500000000000002","Armenia"
"1995","17.866282352941173","Australia"
"1995","7.5214285714285705","Austria"
"1995","16.03","Azerbaijan"
"1995","25.45","Bahamas"
"1995","7.7","Belarus"
"1995","10.97","Belgium"
"1995","25.43","Belize"
"1995","10.08","Bosnia and Herzegovina"
"1995","28.59","Cambodia"
"1995","4.153940455341504","Canada"
"1995","11.420746268656716","China"
"1995","26.88","Cocos (Keeling) Islands"
"1995","21.947499999999998","Colombia"
"1995","26.2","Costa Rica"
"1995","12.581666666666669","Croatia"
"1995","27.47","Cuba"
"1995","19.54","Cyprus"
"1995","7.733333333333333","Czech Republic"
"1995","8.852500000000001","Denmark"
"1995","23.19333333333333","Egypt"
"1995","28.36","El Salvador"
"1995","6.437222222222222","Estonia"
"1995","3.4607801418439728","Finland"
"1995","12.534347826086956","France"
"1995","26.7","French Guiana"
"1995","9.059713193116634","Germany"
"1995","16.934","Greece"
"1995","-3.13","Greenland"
"1995","27.04","Guadeloupe"
"1995","27.130000000000003","Guam"
"1995","18.25","Guatemala"
"1995","12.1","Guernsey"
"1995","10.912","Hungary"
"1995","1.8075","Iceland"
"1995","16.55625","Iran, Islamic Republic of"
"1995","10.543333333333333","Ireland"
"1995","10.58","Isle of Man"
"1995","19.900000000000002","Israel"
"1995","11.678333333333333","Italy"
"1995","18.252727272727274","Japan"
"1995","12","Jersey"
"1995","7.846","Kazakhstan"
"1995","13.170000000000002","Korea, Republic of"
"1995","4.11","Kyrgyzstan"
"1995","7.241666666666667","Lithuania"
"1995","10.16","Luxembourg"
"1995","27.615999999999996","Malaysia"
"1995","27.76","Maldives"
"1995","27.546666666666667","Marshall Islands"
"1995","24.77","Mauritius"
"1995","21.04609970674486","Mexico"
"1995","27.108571428571427","Micronesia, Federated States of"
"1995","2.0366666666666666","Mongolia"
"1995","15.51","Morocco"
"1995","21.4775","Namibia"
"1995","18.64","Nepal"
"1995","10.242413793103447","Netherlands"
"1995","24.025","New Caledonia"
"1995","11.768749999999999","New Zealand"
"1995","3.556781609195403","Norway"
"1995","27.115000000000002","Palau"
"1995","27.595","Papua New Guinea"
"1995","27.48375","Philippines"
"1995","21.06","Pitcairn"
"1995","7.890000000000001","Poland"
"1995","16.505000000000003","Portugal"
"1995","25.421176470588232","Puerto Rico"
"1995","9.986818181818181","Romania"
"1995","1.1678158458244106","Russian Federation"
"1995","18.875","Saint Helena"
"1995","24.433333333333334","Saudi Arabia"
"1995","12.176666666666668","Serbia"
"1995","27.1","Seychelles"
"1995","7.9799999999999995","Slovakia"
"1995","9.115000000000002","Slovenia"
"1995","17.60058823529412","South Africa"
"1995","16.070240963855422","Spain"
"1995","21.905","Sri Lanka"
"1995","-5.058","Svalbard and Jan Mayen"
"1995","4.693465909090907","Sweden"
"1995","8.972857142857142","Switzerland"
"1995","19.236666666666668","Syrian Arab Republic"
"1995","14.379999999999999","Tajikistan"
"1995","27.528","Thailand"
"1995","19.6","Tonga"
"1995","27.91","Trinidad and Tobago"
"1995","15.227142857142857","Turkey"
"1995","17.275000000000002","Turkmenistan"
"1995","8.52","Ukraine"
"1995","9.846883116883117","United Kingdom"
"1995","10.607797306551005","United States"
"1995","16.785","Uruguay"
"1995","15.445","Uzbekistan"
"1995","26.71166666666667","Venezuela"
"1995","27.5","Virgin Islands, U.S."
"1995","27.54","Wallis and Futuna"
"1996","4.906666666666666","Aland Islands"
"1996","21.137500000000003","Algeria"
"1996","28.09","American Samoa"
"1996","-15.34","Antarctica"
"1996","16.32684210526316","Argentina"
"1996","9.600000000000001","Armenia"
"1996","17.871324200913246","Australia"
"1996","6.438571428571429","Austria"
"1996","15.42","Azerbaijan"
"1996","24.95","Bahamas"
"1996","6.313333333333333","Belarus"
"1996","9.15","Belgium"
"1996","24.71","Belize"
"1996","9.77","Bosnia and Herzegovina"
"1996","28.27","Cambodia"
"1996","3.3432987910189995","Canada"
"1996","11.063034825870647","China"
"1996","27.14","Cocos (Keeling) Islands"
"1996","22.87","Colombia"
"1996","25.57","Costa Rica"
"1996","12.107692307692307","Croatia"
"1996","26.69","Cuba"
"1996","19.836666666666666","Cyprus"
"1996","6.096666666666668","Czech Republic"
"1996","7.4159999999999995","Denmark"
"1996","23.361666666666665","Egypt"
"1996","4.747777777777778","Estonia"
"1996","2.4635999999999996","Finland"
"1996","11.584999999999997","France"
"1996","26.69","French Guiana"
"1996","-10.114999999999998","French Southern Territories"
"1996","7.426996124031009","Germany"
"1996","16.58153846153846","Greece"
"1996","-6.37","Greenland"
"1996","26.63","Guadeloupe"
"1996","27.150000000000002","Guam"
"1996","10.99","Guernsey"
"1996","9.95","Hungary"
"1996","2.5700000000000003","Iceland"
"1996","16.21","Iran, Islamic Republic of"
"1996","9.638333333333334","Ireland"
"1996","9.48","Isle of Man"
"1996","20.377142857142854","Israel"
"1996","11.873076923076923","Italy"
"1996","17.973636363636363","Japan"
"1996","10.92","Jersey"
"1996","5.389600000000001","Kazakhstan"
"1996","13.003333333333332","Korea, Republic of"
"1996","26.54","Kuwait"
"1996","4.23","Kyrgyzstan"
"1996","5.611666666666667","Lithuania"
"1996","8.600000000000001","Luxembourg"
"1996","27.51","Malaysia"
"1996","27.8","Maldives"
"1996","27.813333333333333","Marshall Islands"
"1996","24.593333333333334","Mauritius"
"1996","20.89078791469193","Mexico"
"1996","27.44","Micronesia, Federated States of"
"1996","1.1754545454545455","Mongolia"
"1996","20.453333333333333","Namibia"
"1996","18.85","Nepal"
"1996","8.357272727272726","Netherlands"
"1996","24.060000000000002","New Caledonia"
"1996","12.0975","New Zealand"
"1996","3.101724137931034","Norway"
"1996","27.17","Palau"
"1996","27.526666666666667","Papua New Guinea"
"1996","27.384285714285713","Philippines"
"1996","20.98","Pitcairn"
"1996","6.365","Poland"
"1996","15.42","Portugal"
"1996","24.597647058823526","Puerto Rico"
"1996","9.28590909090909","Romania"
"1996","-0.2783333333333332","Russian Federation"
"1996","18.74","Saint Helena"
"1996","25.326666666666664","Saudi Arabia"
"1996","11.393333333333333","Serbia"
"1996","26.659999999999997","Seychelles"
"1996","7.0725","Slovakia"
"1996","8.272941176470587","Slovenia"
"1996","17.14611111111111","South Africa"
"1996","15.284470588235298","Spain"
"1996","15.97","Sri Lanka"
"1996","-4.112","Svalbard and Jan Mayen"
"1996","3.625092592592594","Sweden"
"1996","8.295714285714284","Switzerland"
"1996","19.570000000000004","Syrian Arab Republic"
"1996","12.933333333333332","Tajikistan"
"1996","27.381428571428575","Thailand"
"1996","19.49","Tonga"
"1996","27.52","Trinidad and Tobago"
"1996","13.87","Turkey"
"1996","16.292","Turkmenistan"
"1996","8.476666666666668","Ukraine"
"1996","8.767764705882353","United Kingdom"
"1996","10.230348941918054","United States"
"1996","16.625","Uruguay"
"1996","14.10666666666667","Uzbekistan"
"1996","26.107999999999997","Venezuela"
"1996","27.14","Virgin Islands, U.S."
"1996","27.3","Wallis and Futuna"
"1997","6.385","Aland Islands"
"1997","21.3","Algeria"
"1997","28.15","American Samoa"
"1997","16.57428571428571","Argentina"
"1997","8.844999999999999","Armenia"
"1997","18.038351409978308","Australia"
"1997","7.527142857142858","Austria"
"1997","15.39","Azerbaijan"
"1997","25.65","Bahamas"
"1997","7.073333333333333","Belarus"
"1997","10.78","Belgium"
"1997","25.53","Belize"
"1997","9.95","Bosnia and Herzegovina"
"1997","28.76","Cambodia"
"1997","4.146336996336996","Canada"
"1997","11.582885572139302","China"
"1997","24.88","Christmas Island"
"1997","26.91","Cocos (Keeling) Islands"
"1997","22.263333333333332","Colombia"
"1997","25.85","Costa Rica"
"1997","12.779230769230768","Croatia"
"1997","27","Cuba"
"1997","19.346666666666668","Cyprus"
"1997","7.75","Czech Republic"
"1997","9.004","Denmark"
"1997","23.157142857142862","Egypt"
"1997","28.84","El Salvador"
"1997","6.015882352941177","Estonia"
"1997","-5.43","Falkland Islands (Malvinas)"
"1997","3.130140845070422","Finland"
"1997","12.835208333333334","France"
"1997","26.7","French Guiana"
"1997","-11.87","French Southern Territories"
"1997","9.083532818532824","Germany"
"1997","16.472857142857144","Greece"
"1997","-4.1850000000000005","Greenland"
"1997","27.06","Guadeloupe"
"1997","27.12","Guam"
"1997","12.03","Guernsey"
"1997","10.59","Hungary"
"1997","2.482857142857143","Iceland"
"1997","16.4175","Iran, Islamic Republic of"
"1997","10.756666666666666","Ireland"
"1997","10.6","Isle of Man"
"1997","19.697142857142858","Israel"
"1997","12.74076923076923","Italy"
"1997","18.467272727272725","Japan"
"1997","11.87","Jersey"
"1997","7.280799999999999","Kazakhstan"
"1997","13.526666666666666","Korea, Republic of"
"1997","25.66","Kuwait"
"1997","6.55","Kyrgyzstan"
"1997","6.95","Lithuania"
"1997","10.07","Luxembourg"
"1997","27.792","Malaysia"
"1997","28.13","Maldives"
"1997","27.613333333333333","Marshall Islands"
"1997","24.986666666666668","Mauritius"
"1997","20.562188397472728","Mexico"
"1997","27.242","Micronesia, Federated States of"
"1997","2.570909090909091","Mongolia"
"1997","21.386666666666667","Namibia"
"1997","17.97","Nepal"
"1997","10.10205882352941","Netherlands"
"1997","23.405","New Caledonia"
"1997","11.488888888888889","New Zealand"
"1997","4.154823529411765","Norway"
"1997","27.244999999999997","Palau"
"1997","26.89","Papua New Guinea"
"1997","27.541249999999998","Philippines"
"1997","20.9","Pitcairn"
"1997","7.68","Poland"
"1997","16.39","Portugal"
"1997","24.62529411764706","Puerto Rico"
"1997","9.331363636363635","Romania"
"1997","-0.09352941176470599","Russian Federation"
"1997","18.85","Saint Helena"
"1997","24.887999999999998","Saudi Arabia"
"1997","11.466666666666667","Serbia"
"1997","27.52","Seychelles"
"1997","7.5475","Slovakia"
"1997","9.182777777777778","Slovenia"
"1997","17.580000000000002","South Africa"
"1997","-3.8","South Georgia and the South Sandwich Islands"
"1997","16.292926829268293","Spain"
"1997","22.009999999999998","Sri Lanka"
"1997","-5.04","Svalbard and Jan Mayen"
"1997","5.024120171673819","Sweden"
"1997","10.945","Switzerland"
"1997","18.753333333333334","Syrian Arab Republic"
"1997","14.785","Tajikistan"
"1997","27.564","Thailand"
"1997","18.99","Tonga"
"1997","13.544","Turkey"
"1997","17.189999999999998","Turkmenistan"
"1997","8.34952380952381","Ukraine"
"1997","10.036666666666667","United Kingdom"
"1997","10.329262642013818","United States"
"1997","18.465","Uruguay"
"1997","14.86","Uzbekistan"
"1997","25.83333333333334","Venezuela"
"1997","27.27","Wallis and Futuna"
"1998","5.951428571428572","Aland Islands"
"1998","21.21","Algeria"
"1998","17.10238095238095","Argentina"
"1998","13.65","Armenia"
"1998","18.493595505617982","Australia"
"1998","7.618571428571428","Austria"
"1998","16.03","Azerbaijan"
"1998","25.91","Bahamas"
"1998","7.31","Belarus"
"1998","10.56","Belgium"
"1998","25.24","Belize"
"1998","10.34","Bosnia and Herzegovina"
"1998","29.56","Cambodia"
"1998","5.510914127423819","Canada"
"1998","12.470051813471503","China"
"1998","25.6","Christmas Island"
"1998","27.71","Cocos (Keeling) Islands"
"1998","22.964","Colombia"
"1998","26.31","Costa Rica"
"1998","13.080000000000002","Croatia"
"1998","27.03","Cuba"
"1998","20.516666666666666","Cyprus"
"1998","8.069999999999999","Czech Republic"
"1998","8.706","Denmark"
"1998","23.708333333333332","Egypt"
"1998","28.73","El Salvador"
"1998","5.6241176470588226","Estonia"
"1998","-5.025","Falkland Islands (Malvinas)"
"1998","2.5168918918918926","Finland"
"1998","12.244565217391305","France"
"1998","27.33","French Guiana"
"1998","-11.92","French Southern Territories"
"1998","9.235270541082167","Germany"
"1998","17.09962962962963","Greece"
"1998","-2.69375","Greenland"
"1998","27.41","Guadeloupe"
"1998","27.373333333333335","Guam"
"1998","11.57","Guernsey"
"1998","11.078","Hungary"
"1998","2.3125","Iceland"
"1998","16.94","Iran, Islamic Republic of"
"1998","10.479999999999999","Ireland"
"1998","10.64","Isle of Man"
"1998","20.84857142857143","Israel"
"1998","14.338","Italy"
"1998","19.405","Japan"
"1998","11.58","Jersey"
"1998","6.4588","Kazakhstan"
"1998","14.153333333333334","Korea, Republic of"
"1998","26.66","Kuwait"
"1998","5.3","Kyrgyzstan"
"1998","6.913333333333334","Lithuania"
"1998","9.83","Luxembourg"
"1998","28.268","Malaysia"
"1998","28.1","Maldives"
"1998","27.709999999999997","Marshall Islands"
"1998","25.176666666666666","Mauritius"
"1998","21.1247181372549","Mexico"
"1998","27.08428571428571","Micronesia, Federated States of"
"1998","3.118","Mongolia"
"1998","22.143333333333334","Namibia"
"1998","19.2","Nepal"
"1998","10.25787878787879","Netherlands"
"1998","24.78","New Caledonia"
"1998","12.73875","New Zealand"
"1998","3.3725531914893616","Norway"
"1998","28.1","Palau"
"1998","27.905","Papua New Guinea"
"1998","28.227999999999998","Philippines"
"1998","20.78","Pitcairn"
"1998","7.85","Poland"
"1998","15.94","Portugal"
"1998","25.65636363636364","Puerto Rico"
"1998","9.997272727272728","Romania"
"1998","-0.8354248366013074","Russian Federation"
"1998","19.015","Saint Helena"
"1998","26.214","Saudi Arabia"
"1998","12.326666666666666","Serbia"
"1998","27.715","Seychelles"
"1998","8.1375","Slovakia"
"1998","9.444444444444445","Slovenia"
"1998","17.790714285714284","South Africa"
"1998","-2.84","South Georgia and the South Sandwich Islands"
"1998","15.821097560975609","Spain"
"1998","22.555","Sri Lanka"
"1998","-4.72","Svalbard and Jan Mayen"
"1998","4.261869918699187","Sweden"
"1998","9.06857142857143","Switzerland"
"1998","20.276666666666667","Syrian Arab Republic"
"1998","10.62","Tajikistan"
"1998","28.292","Thailand"
"1998","20.45","Tonga"
"1998","14.186666666666667","Turkey"
"1998","17.5","Turkmenistan"
"1998","9.335714285714285","Ukraine"
"1998","9.728734177215191","United Kingdom"
"1998","11.312912027941502","United States"
"1998","17.493333333333336","Uruguay"
"1998","14.95","Uzbekistan"
"1998","26.528333333333336","Venezuela"
"1998","27.44","Wallis and Futuna"
"1999","6.635","Aland Islands"
"1999","27.57","American Samoa"
"1999","16.498636363636365","Argentina"
"1999","6.38","Armenia"
"1999","18.28232142857143","Australia"
"1999","7.78142857142857","Austria"
"1999","16.02","Azerbaijan"
"1999","25.3","Bahamas"
"1999","26.96","Barbados"
"1999","8.396666666666667","Belarus"
"1999","11.08","Belgium"
"1999","10.62","Bosnia and Herzegovina"
"1999","28.17","Cambodia"
"1999","4.987061365600689","Canada"
"1999","12.03128865979381","China"
"1999","24.96","Christmas Island"
"1999","27.63","Cocos (Keeling) Islands"
"1999","25.54","Costa Rica"
"1999","13.295384615384613","Croatia"
"1999","20.593333333333334","Cyprus"
"1999","8.46","Czech Republic"
"1999","9.375","Denmark"
"1999","6.715882352941176","Estonia"
"1999","-4.45","Falkland Islands (Malvinas)"
"1999","3.3848148148148147","Finland"
"1999","12.65108695652174","France"
"1999","26.72","French Guiana"
"1999","-12.17","French Southern Territories"
"1999","9.614989939637834","Germany"
"1999","17.134999999999998","Greece"
"1999","-4.115","Greenland"
"1999","26.81","Guadeloupe"
"1999","27.64","Guam"
"1999","11.91","Guernsey"
"1999","11.094","Hungary"
"1999","2.1371428571428575","Iceland"
"1999","16.906666666666666","Iran, Islamic Republic of"
"1999","10.558571428571428","Ireland"
"1999","10.66","Isle of Man"
"1999","19.718","Israel"
"1999","6.875","Italy"
"1999","18.81125","Japan"
"1999","12.21","Jersey"
"1999","7.299600000000001","Kazakhstan"
"1999","13.576666666666666","Korea, Republic of"
"1999","4.3","Kyrgyzstan"
"1999","7.914","Lithuania"
"1999","10.465","Luxembourg"
"1999","27.424999999999997","Marshall Islands"
"1999","24.863333333333333","Mauritius"
"1999","20.534389776357845","Mexico"
"1999","26.82111111111111","Micronesia, Federated States of"
"1999","4.7700000000000005","Mongolia"
"1999","21.44666666666667","Namibia"
"1999","19.71","Nepal"
"1999","10.7978125","Netherlands"
"1999","23.9","New Caledonia"
"1999","12.526666666666667","New Zealand"
"1999","26.19","Northern Mariana Islands"
"1999","3.9379310344827596","Norway"
"1999","26.816666666666666","Palau"
"1999","27.3","Papua New Guinea"
"1999","27.66428571428571","Philippines"
"1999","9.54","Poland"
"1999","15.4","Portugal"
"1999","24.685000000000002","Puerto Rico"
"1999","10.824761904761905","Romania"
"1999","-0.14388655462184863","Russian Federation"
"1999","19.06","Saint Helena"
"1999","27.84","Saudi Arabia"
"1999","12.51","Serbia"
"1999","27.155","Seychelles"
"1999","8.555","Slovakia"
"1999","9.497222222222224","Slovenia"
"1999","18.416666666666668","South Africa"
"1999","-1.74","South Georgia and the South Sandwich Islands"
"1999","15.374342105263159","Spain"
"1999","15.88","Sri Lanka"
"1999","-3.082","Svalbard and Jan Mayen"
"1999","4.9078341013824875","Sweden"
"1999","9.168571428571429","Switzerland"
"1999","14.01","Tajikistan"
"1999","27.285000000000007","Thailand"
"1999","19.52","Tonga"
"1999","14.748749999999998","Turkey"
"1999","10.264285714285714","Ukraine"
"1999","10.04","United Kingdom"
"1999","11.077128671033172","United States"
"1999","17.576666666666664","Uruguay"
"1999","14.7575","Uzbekistan"
"1999","25.748333333333335","Venezuela"
"1999","27.07","Virgin Islands, U.S."
"1999","27.3","Wallis and Futuna"
"2000","7.263333333333333","Aland Islands"
"2000","28.04","American Samoa"
"2000","15.959565217391305","Argentina"
"2000","9.425","Armenia"
"2000","17.99024489795918","Australia"
"2000","8.582857142857142","Austria"
"2000","15.77","Azerbaijan"
"2000","24.97","Bahamas"
"2000","8.653333333333334","Belarus"
"2000","23.54","Belize"
"2000","6.97","Bosnia and Herzegovina"
"2000","28.45","Cambodia"
"2000","3.776472602739726","Canada"
"2000","11.484020618556704","China"
"2000","24.79","Christmas Island"
"2000","26.8","Cocos (Keeling) Islands"
"2000","25.72","Costa Rica"
"2000","14.134615384615383","Croatia"
"2000","20.12","Cyprus"
"2000","9.98","Czech Republic"
"2000","9.825","Denmark"
"2000","28.66","El Salvador"
"2000","7.221999999999999","Estonia"
"2000","-4.8149999999999995","Falkland Islands (Malvinas)"
"2000","4.718111888111889","Finland"
"2000","12.94181818181818","France"
"2000","26.48","French Guiana"
"2000","-9.65","French Southern Territories"
"2000","10.047510288065839","Germany"
"2000","16.78","Greece"
"2000","-4.550000000000001","Greenland"
"2000","26.71","Guadeloupe"
"2000","27.59","Guam"
"2000","11.63","Guernsey"
"2000","12.288","Hungary"
"2000","2.2285714285714286","Iceland"
"2000","16.650000000000002","Iran, Islamic Republic of"
"2000","9.915","Ireland"
"2000","10.44","Isle of Man"
"2000","19.4025","Israel"
"2000","10.875","Italy"
"2000","27.55","Jamaica"
"2000","18.44625","Japan"
"2000","11.81","Jersey"
"2000","7.230384615384616","Kazakhstan"
"2000","4.95","Kyrgyzstan"
"2000","8.69","Latvia"
"2000","8.375","Lithuania"
"2000","10.17","Luxembourg"
"2000","27.625","Marshall Islands"
"2000","24.843333333333334","Mauritius"
"2000","20.832791262135924","Mexico"
"2000","27.121999999999996","Micronesia, Federated States of"
"2000","4.06","Mongolia"
"2000","20.96","Namibia"
"2000","19.13","Nepal"
"2000","10.761944444444445","Netherlands"
"2000","23.57","New Caledonia"
"2000","12.392857142857142","New Zealand"
"2000","26.05","Northern Mariana Islands"
"2000","4.401153846153847","Norway"
"2000","27.36","Oman"
"2000","27.81","Palau"
"2000","27.375","Papua New Guinea"
"2000","27.838333333333335","Philippines"
"2000","21.66","Pitcairn"
"2000","9.95","Poland"
"2000","24.119999999999997","Puerto Rico"
"2000","11.20142857142857","Romania"
"2000","0.06405797101449262","Russian Federation"
"2000","26.03","Saint Helena"
"2000","23.249999999999996","Saudi Arabia"
"2000","13.75","Serbia"
"2000","27.119999999999997","Seychelles"
"2000","9.27","Slovakia"
"2000","10.57666666666667","Slovenia"
"2000","18.185000000000002","South Africa"
"2000","-2.84","South Georgia and the South Sandwich Islands"
"2000","15.385063291139241","Spain"
"2000","15.92","Sri Lanka"
"2000","-3.3979999999999997","Svalbard and Jan Mayen"
"2000","5.892245762711863","Sweden"
"2000","9.804285714285713","Switzerland"
"2000","13.700000000000001","Tajikistan"
"2000","27.418","Thailand"
"2000","14.989999999999998","Turkey"
"2000","10.012857142857145","Ukraine"
"2000","9.7548","United Kingdom"
"2000","10.73690850376749","United States"
"2000","17.736666666666668","Uruguay"
"2000","15.523333333333333","Uzbekistan"
"2000","25.741666666666664","Venezuela"
"2000","26.88","Virgin Islands, U.S."
"2001","6.41","Aland Islands"
"2001","28.29","American Samoa"
"2001","16.77190476190476","Argentina"
"2001","6.41","Armenia"
"2001","18.282704280155638","Australia"
"2001","7.728571428571429","Austria"
"2001","7.79","Belarus"
"2001","24.05","Belize"
"2001","6.1","Bosnia and Herzegovina"
"2001","28.77","Cambodia"
"2001","4.6307598253275115","Canada"
"2001","11.862256410256412","China"
"2001","25.63","Costa Rica"
"2001","13.379999999999999","Croatia"
"2001","26.62","Cuba"
"2001","20.405","Cyprus"
"2001","8.585","Czech Republic"
"2001","8.905000000000001","Denmark"
"2001","23.2475","Egypt"
"2001","28.77","El Salvador"
"2001","6.220000000000001","Estonia"
"2001","-7.22","Falkland Islands (Malvinas)"
"2001","3.0884246575342464","Finland"
"2001","12.598604651162791","France"
"2001","9.175969498910677","Germany"
"2001","16.94333333333333","Greece"
"2001","-4.6971428571428575","Greenland"
"2001","27.619999999999997","Guam"
"2001","11.8","Guernsey"
"2001","11.152000000000001","Hungary"
"2001","2.915","Iceland"
"2001","27.83","India"
"2001","17.200000000000003","Iran, Islamic Republic of"
"2001","9.85","Ireland"
"2001","10.13","Isle of Man"
"2001","20.052500000000002","Israel"
"2001","11.213333333333333","Italy"
"2001","27.825000000000003","Jamaica"
"2001","15.94","Japan"
"2001","11.76","Jersey"
"2001","7.22423076923077","Kazakhstan"
"2001","5.37","Kyrgyzstan"
"2001","7.65","Latvia"
"2001","7.390000000000001","Lithuania"
"2001","10.15","Luxembourg"
"2001","27.52","Maldives"
"2001","28","Marshall Islands"
"2001","25.299999999999997","Mauritius"
"2001","20.75792573623559","Mexico"
"2001","27.512857142857143","Micronesia, Federated States of"
"2001","10.73","Moldova, Republic of"
"2001","4.325","Mongolia"
"2001","21.535","Namibia"
"2001","10.281666666666666","Netherlands"
"2001","23.865","New Caledonia"
"2001","12.540000000000001","New Zealand"
"2001","26.04","Northern Mariana Islands"
"2001","3.3841379310344823","Norway"
"2001","28.23","Palau"
"2001","27.623333333333335","Papua New Guinea"
"2001","21.37","Pitcairn"
"2001","9.07","Poland"
"2001","17.22","Portugal"
"2001","25.26076923076923","Puerto Rico"
"2001","10.59681818181818","Romania"
"2001","0.03731759656652388","Russian Federation"
"2001","26.013333333333335","Saudi Arabia"
"2001","12.596666666666666","Serbia"
"2001","27.35","Seychelles"
"2001","8.225","Slovakia"
"2001","9.720555555555556","Slovenia"
"2001","16.958000000000002","South Africa"
"2001","-3.14","South Georgia and the South Sandwich Islands"
"2001","15.800243902439023","Spain"
"2001","16.18","Sri Lanka"
"2001","-3.808","Svalbard and Jan Mayen"
"2001","4.446791666666667","Sweden"
"2001","9.214285714285714","Switzerland"
"2001","14.255","Tajikistan"
"2001","27.878000000000004","Thailand"
"2001","19.89","Tonga"
"2001","14.148571428571428","Turkey"
"2001","9.258529411764705","Ukraine"
"2001","9.408095238095239","United Kingdom"
"2001","11.111443794400312","United States"
"2001","19.34","Uruguay"
"2001","15.766","Uzbekistan"
"2001","27.125","Virgin Islands, U.S."
"2001","27.58","Wallis and Futuna"
"2001","28.06","Yemen"
"2002","6.6450000000000005","Aland Islands"
"2002","28.63","American Samoa"
"2002","16.127368421052633","Argentina"
"2002","5.35","Armenia"
"2002","18.748190476190477","Australia"
"2002","8.56857142857143","Austria"
"2002","27.32","Barbados"
"2002","8.466666666666667","Belarus"
"2002","6.865","Bosnia and Herzegovina"
"2002","12.89","Bulgaria"
"2002","29","Cambodia"
"2002","3.5986197440584995","Canada"
"2002","12.16979487179487","China"
"2002","25.59","Costa Rica"
"2002","14.339090909090912","Croatia"
"2002","26.76","Cuba"
"2002","19.89333333333333","Cyprus"
"2002","9.365","Czech Republic"
"2002","9.659999999999998","Denmark"
"2002","26.365000000000002","Dominican Republic"
"2002","24.86","Egypt"
"2002","28.54","El Salvador"
"2002","6.375333333333333","Estonia"
"2002","-6.609999999999999","Falkland Islands (Malvinas)"
"2002","3.1729139072847676","Finland"
"2002","12.964318181818184","France"
"2002","9.709490022172949","Germany"
"2002","16.682608695652174","Greece"
"2002","-5.1339999999999995","Greenland"
"2002","27.64","Guam"
"2002","27.78","Guatemala"
"2002","12.09","Guernsey"
"2002","12.040000000000001","Hungary"
"2002","2.8685714285714283","Iceland"
"2002","28.15","India"
"2002","16.676666666666666","Iran, Islamic Republic of"
"2002","10.278","Ireland"
"2002","10.67","Isle of Man"
"2002","19.8975","Israel"
"2002","10.8","Italy"
"2002","27.55","Jamaica"
"2002","19.61","Japan"
"2002","12.13","Jersey"
"2002","7.801153846153847","Kazakhstan"
"2002","5.42","Kyrgyzstan"
"2002","8.21","Latvia"
"2002","7.676666666666667","Lithuania"
"2002","10.65","Luxembourg"
"2002","27.91","Marshall Islands"
"2002","24.369999999999997","Mauritius"
"2002","20.728011583011607","Mexico"
"2002","27.49857142857143","Micronesia, Federated States of"
"2002","11.33","Moldova, Republic of"
"2002","4.795","Mongolia"
"2002","21.435000000000002","Namibia"
"2002","10.696486486486487","Netherlands"
"2002","11.715714285714284","New Zealand"
"2002","25.86","Northern Mariana Islands"
"2002","4.158409090909092","Norway"
"2002","26.38","Oman"
"2002","28.41","Palau"
"2002","27.43","Papua New Guinea"
"2002","21.72","Pitcairn"
"2002","9.725000000000001","Poland"
"2002","17.38","Portugal"
"2002","25.673529411764708","Puerto Rico"
"2002","10.996818181818183","Romania"
"2002","0.4010021321961622","Russian Federation"
"2002","25.653333333333336","Saudi Arabia"
"2002","13.36","Serbia"
"2002","27.365000000000002","Seychelles"
"2002","8.9225","Slovakia"
"2002","10.260555555555557","Slovenia"
"2002","13.253333333333332","South Africa"
"2002","-3.49","South Georgia and the South Sandwich Islands"
"2002","15.68853658536585","Spain"
"2002","16.33","Sri Lanka"
"2002","-2.845","Svalbard and Jan Mayen"
"2002","5.0254661016949145","Sweden"
"2002","9.74","Switzerland"
"2002","13.83","Tajikistan"
"2002","28.154444444444447","Thailand"
"2002","19.57","Tonga"
"2002","15.0975","Turkey"
"2002","10.148095238095237","Ukraine"
"2002","10.093068181818184","United Kingdom"
"2002","10.95219225309268","United States"
"2002","18.203333333333333","Uruguay"
"2002","15.428","Uzbekistan"
"2002","27.3","Virgin Islands, U.S."
"2002","28.15","Yemen"
"2003","6.132","Aland Islands"
"2003","27.97","American Samoa"
"2003","16.493157894736843","Argentina"
"2003","8.95","Armenia"
"2003","18.39669741697417","Australia"
"2003","8.09142857142857","Austria"
"2003","7.396666666666666","Belarus"
"2003","24.95","Belize"
"2003","6.12","Bosnia and Herzegovina"
"2003","11.78","Bulgaria"
"2003","28.79","Cambodia"
"2003","3.7181471389645755","Canada"
"2003","11.915282051282054","China"
"2003","26.26","Costa Rica"
"2003","13.709230769230771","Croatia"
"2003","19.88","Cyprus"
"2003","9.27","Czech Republic"
"2003","8.86","Denmark"
"2003","27.16","Dominican Republic"
"2003","22.215","Egypt"
"2003","5.856","Estonia"
"2003","-6.05","Falkland Islands (Malvinas)"
"2003","3.0573913043478256","Finland"
"2003","13.178837209302324","France"
"2003","9.512860360360358","Germany"
"2003","16.561818181818182","Greece"
"2003","-3.242222222222222","Greenland"
"2003","27.53","Guam"
"2003","28.54","Guatemala"
"2003","12.13","Guernsey"
"2003","11.118","Hungary"
"2003","3.3442857142857148","Iceland"
"2003","25.78","India"
"2003","26.63","Indonesia"
"2003","16.621666666666666","Iran, Islamic Republic of"
"2003","10.440000000000001","Ireland"
"2003","10.62","Isle of Man"
"2003","19.416666666666668","Israel"
"2003","11.348749999999999","Italy"
"2003","27.55","Jamaica"
"2003","15.78","Japan"
"2003","12.09","Jersey"
"2003","6.635769230769231","Kazakhstan"
"2003","3.31","Kyrgyzstan"
"2003","7.038333333333334","Lithuania"
"2003","10.91","Luxembourg"
"2003","27.49","Maldives"
"2003","27.843333333333334","Marshall Islands"
"2003","24.61","Mauritius"
"2003","20.848838416612594","Mexico"
"2003","27.173333333333332","Micronesia, Federated States of"
"2003","10.1","Moldova, Republic of"
"2003","3.895","Mongolia"
"2003","21.98333333333333","Namibia"
"2003","10.338108108108107","Netherlands"
"2003","11.884444444444446","New Zealand"
"2003","4.642169811320755","Norway"
"2003","28.14","Palau"
"2003","27.755","Papua New Guinea"
"2003","9.135000000000002","Poland"
"2003","17.71","Portugal"
"2003","25.060666666666666","Puerto Rico"
"2003","9.459565217391305","Romania"
"2003","0.423621399176955","Russian Federation"
"2003","12.469999999999999","Serbia"
"2003","27.47","Seychelles"
"2003","8.3275","Slovakia"
"2003","10.025882352941176","Slovenia"
"2003","-3.33","South Georgia and the South Sandwich Islands"
"2003","16.026","Spain"
"2003","16.47","Sri Lanka"
"2003","-4.3425","Svalbard and Jan Mayen"
"2003","4.899559471365641","Sweden"
"2003","9.997142857142858","Switzerland"
"2003","13.469999999999999","Tajikistan"
"2003","28.039999999999996","Thailand"
"2003","19.49","Tonga"
"2003","13.678333333333333","Turkey"
"2003","8.972142857142858","Ukraine"
"2003","9.973749999999999","United Kingdom"
"2003","11.021178564366252","United States"
"2003","17.666666666666668","Uruguay"
"2003","14.896666666666667","Uzbekistan"
"2003","27.4","Virgin Islands, U.S."
"2004","6.664999999999999","Aland Islands"
"2004","27.66","American Samoa"
"2004","9.285","Armenia"
"2004","18.362567324955126","Australia"
"2004","7.494285714285715","Austria"
"2004","25.22","Bahamas"
"2004","7.55","Belarus"
"2004","24.99","Belize"
"2004","6.025","Bosnia and Herzegovina"
"2004","12.33","Bulgaria"
"2004","3.3363563829787215","Canada"
"2004","12.066943005181347","China"
"2004","13.065384615384612","Croatia"
"2004","19.63","Cyprus"
"2004","8.815000000000001","Czech Republic"
"2004","8.866666666666667","Denmark"
"2004","23.405","Egypt"
"2004","6.155333333333334","Estonia"
"2004","3.5333112582781454","Finland"
"2004","12.370697674418606","France"
"2004","8.982015113350123","Germany"
"2004","16.492380952380955","Greece"
"2004","-5.182222222222222","Greenland"
"2004","28.25","Guatemala"
"2004","11.77","Guernsey"
"2004","10.751999999999999","Hungary"
"2004","3.082857142857143","Iceland"
"2004","27.593333333333334","India"
"2004","16.736666666666668","Iran, Islamic Republic of"
"2004","10.275","Ireland"
"2004","10.74","Isle of Man"
"2004","19.099999999999998","Israel"
"2004","9.251428571428573","Italy"
"2004","27.44","Jamaica"
"2004","11.74","Jersey"
"2004","8.146538461538462","Kazakhstan"
"2004","5.47","Kyrgyzstan"
"2004","7.071666666666666","Lithuania"
"2004","9.43","Luxembourg"
"2004","27.21","Maldives"
"2004","28.29","Marshall Islands"
"2004","21.87","Mauritius"
"2004","20.532391304347826","Mexico"
"2004","27.1025","Micronesia, Federated States of"
"2004","4.535","Mongolia"
"2004","10.308648648648651","Netherlands"
"2004","11.76125","New Zealand"
"2004","26.11","Northern Mariana Islands"
"2004","4.645925925925926","Norway"
"2004","28.42","Palau"
"2004","27.96","Papua New Guinea"
"2004","8.945","Poland"
"2004","17.59","Portugal"
"2004","24.999230769230767","Puerto Rico"
"2004","9.748695652173913","Romania"
"2004","0.5569498910675383","Russian Federation"
"2004","12.293333333333331","Serbia"
"2004","7.9775","Slovakia"
"2004","9.27705882352941","Slovenia"
"2004","15.502289156626501","Spain"
"2004","16.26","Sri Lanka"
"2004","-3.0250000000000004","Svalbard and Jan Mayen"
"2004","4.827768595041321","Sweden"
"2004","9.11","Switzerland"
"2004","13.850000000000001","Tajikistan"
"2004","19.38","Tonga"
"2004","9.66","Turkey"
"2004","9.69190476190476","Ukraine"
"2004","9.984871794871797","United Kingdom"
"2004","11.00081487341772","United States"
"2004","16.05","Uzbekistan"
"2004","27.02","Virgin Islands, U.S."
"2005","6.794999999999999","Aland Islands"
"2005","18.02","Algeria"
"2005","28.12","American Samoa"
"2005","18.5956514084507","Australia"
"2005","7.188571428571429","Austria"
"2005","25.61","Bahamas"
"2005","7.669999999999999","Belarus"
"2005","25.74","Belize"
"2005","5.175","Bosnia and Herzegovina"
"2005","11.675","Bulgaria"
"2005","4.055976385104452","Canada"
"2005","11.695284974093262","China"
"2005","12.468461538461538","Croatia"
"2005","19.570000000000004","Cyprus"
"2005","9.02","Denmark"
"2005","23.313333333333333","Egypt"
"2005","28.16","El Salvador"
"2005","6.120666666666667","Estonia"
"2005","4.172573529411767","Finland"
"2005","12.339761904761904","France"
"2005","9.04179245283019","Germany"
"2005","-6.082","Greenland"
"2005","27.54","Guam"
"2005","11.79","Guernsey"
"2005","10.302","Hungary"
"2005","1.778","Iceland"
"2005","25.99","India"
"2005","27.48","Indonesia"
"2005","17.15","Iran, Islamic Republic of"
"2005","10.696666666666665","Ireland"
"2005","10.71","Isle of Man"
"2005","18.425","Israel"
"2005","10.01125","Italy"
"2005","27.56","Jamaica"
"2005","16.085","Japan"
"2005","11.78","Jersey"
"2005","7.490370370370369","Kazakhstan"
"2005","8.48","Kyrgyzstan"
"2005","7.25","Latvia"
"2005","20.81","Libyan Arab Jamahiriya"
"2005","7.1450000000000005","Lithuania"
"2005","9.829999999999998","Luxembourg"
"2005","25.17","Madagascar"
"2005","27.52","Maldives"
"2005","28.174999999999997","Marshall Islands"
"2005","20.844457978075535","Mexico"
"2005","27.4025","Micronesia, Federated States of"
"2005","4.025","Mongolia"
"2005","10.499166666666667","Netherlands"
"2005","12.396249999999998","New Zealand"
"2005","4.468076923076922","Norway"
"2005","27.814","Oman"
"2005","28.12","Palau"
"2005","8.8","Poland"
"2005","17.49","Portugal"
"2005","25.67","Puerto Rico"
"2005","9.251428571428571","Romania"
"2005","0.5536363636363639","Russian Federation"
"2005","11.536666666666667","Serbia"
"2005","7.7775","Slovakia"
"2005","8.769444444444446","Slovenia"
"2005","17.14","South Africa"
"2005","15.323999999999996","Spain"
"2005","-2.255","Svalbard and Jan Mayen"
"2005","5.109111111111112","Sweden"
"2005","8.780000000000001","Switzerland"
"2005","8.79","Tajikistan"
"2005","19.6","Tonga"
"2005","9.816666666666666","Ukraine"
"2005","9.969411764705884","United Kingdom"
"2005","11.175606147934687","United States"
"2005","15.51","Uzbekistan"
"2005","27.42","Virgin Islands, U.S."
"2006","6.981428571428572","Aland Islands"
"2006","17.549999999999997","Algeria"
"2006","27.8","American Samoa"
"2006","17.966211849192103","Australia"
"2006","7.832857142857143","Austria"
"2006","25.39","Bahamas"
"2006","7.12","Belarus"
"2006","10.46","Bosnia and Herzegovina"
"2006","12.105","Bulgaria"
"2006","4.991653225806449","Canada"
"2006","12.2190206185567","China"
"2006","13.297692307692305","Croatia"
"2006","19.543333333333333","Cyprus"
"2006","9.7425","Denmark"
"2006","23.55","Egypt"
"2006","28.56","El Salvador"
"2006","6.647333333333332","Estonia"
"2006","4.029395973154363","Finland"
"2006","13.013095238095238","France"
"2006","9.572561797752808","Germany"
"2006","-2.645","Greenland"
"2006","27.64","Guam"
"2006","12.13","Guernsey"
"2006","11.22","Hungary"
"2006","0.8916666666666669","Iceland"
"2006","26.88","India"
"2006","26.64","Indonesia"
"2006","18.122500000000002","Iran, Islamic Republic of"
"2006","10.833333333333334","Ireland"
"2006","10.95","Isle of Man"
"2006","20.15","Israel"
"2006","11.54888888888889","Italy"
"2006","12","Jersey"
"2006","7.764285714285713","Kazakhstan"
"2006","9.26","Kyrgyzstan"
"2006","7.94","Latvia"
"2006","20.95","Libyan Arab Jamahiriya"
"2006","7.66","Lithuania"
"2006","10.32","Luxembourg"
"2006","28.08","Marshall Islands"
"2006","22","Mauritius"
"2006","20.780026058631893","Mexico"
"2006","27.515","Micronesia, Federated States of"
"2006","4.585","Mongolia"
"2006","10.974864864864866","Netherlands"
"2006","5.2495575221238955","Norway"
"2006","28.27","Oman"
"2006","28.25","Palau"
"2006","27.94","Papua New Guinea"
"2006","9.375","Poland"
"2006","17.99","Portugal"
"2006","25.44142857142857","Puerto Rico"
"2006","10.226999999999999","Romania"
"2006","-0.3253719008264461","Russian Federation"
"2006","27.76","Saudi Arabia"
"2006","12.473333333333334","Serbia"
"2006","8.3225","Slovakia"
"2006","9.519411764705884","Slovenia"
"2006","15.111428571428572","South Africa"
"2006","16.0952380952381","Spain"
"2006","-1.445","Svalbard and Jan Mayen"
"2006","5.531250000000001","Sweden"
"2006","9.512857142857143","Switzerland"
"2006","27.735","Thailand"
"2006","8.986666666666666","Ukraine"
"2006","10.287384615384616","United Kingdom"
"2006","11.413539985326485","United States"
"2006","13.765","Uzbekistan"
"2006","27.57","Virgin Islands, U.S."
"2007","7.296666666666667","Aland Islands"
"2007","18.423333333333336","Algeria"
"2007","28.51","American Samoa"
"2007","18.27693262411347","Australia"
"2007","8.588571428571429","Austria"
"2007","11.69","Bosnia and Herzegovina"
"2007","13.285","Bulgaria"
"2007","3.551695594125501","Canada"
"2007","12.579999999999997","China"
"2007","13.99","Croatia"
"2007","19.98","Cyprus"
"2007","9.663333333333334","Denmark"
"2007","23.385","Egypt"
"2007","6.956315789473685","Estonia"
"2007","4.231632653061224","Finland"
"2007","12.734285714285713","France"
"2007","9.795990990990985","Germany"
"2007","-1.886","Greenland"
"2007","27.73","Guam"
"2007","11.93","Guernsey"
"2007","12.352","Hungary"
"2007","2.4749999999999996","Iceland"
"2007","27.225000000000005","India"
"2007","16.223333333333333","Iran, Islamic Republic of"
"2007","11.01","Ireland"
"2007","11.03","Isle of Man"
"2007","18.79","Israel"
"2007","11.453333333333333","Italy"
"2007","27.53","Jamaica"
"2007","11.97","Jersey"
"2007","9.84","Kazakhstan"
"2007","9.73","Kyrgyzstan"
"2007","22.995","Libyan Arab Jamahiriya"
"2007","8.126666666666667","Lithuania"
"2007","10.465","Luxembourg"
"2007","28.07","Marshall Islands"
"2007","22.01","Mauritius"
"2007","20.544420485175195","Mexico"
"2007","27.337500000000002","Micronesia, Federated States of"
"2007","8.68","Mongolia"
"2007","11.064594594594594","Netherlands"
"2007","24.015","New Caledonia"
"2007","27.3","Northern Mariana Islands"
"2007","4.723759398496241","Norway"
"2007","28.475","Oman"
"2007","26.93","Pakistan"
"2007","28.33","Palau"
"2007","9.805","Poland"
"2007","17.37","Portugal"
"2007","25.503000000000004","Puerto Rico"
"2007","11.546000000000001","Romania"
"2007","1.1390349075975361","Russian Federation"
"2007","27.87","Saudi Arabia"
"2007","13.616666666666665","Serbia"
"2007","9.355","Slovakia"
"2007","10.511176470588236","Slovenia"
"2007","17.250769230769233","South Africa"
"2007","15.296428571428569","Spain"
"2007","-2.614","Svalbard and Jan Mayen"
"2007","5.446759259259261","Sweden"
"2007","9.672857142857142","Switzerland"
"2007","27.67","Thailand"
"2007","10.641111111111112","Ukraine"
"2007","10.12646153846154","United Kingdom"
"2007","11.076599891716308","United States"
"2007","27.37","Virgin Islands, U.S."
"2007","27.87","Wallis and Futuna"
"2007","28.12","Yemen"
"2008","7.59","Aland Islands"
"2008","18.978333333333335","Algeria"
"2008","28.16","American Samoa"
"2008","17.732132867132865","Australia"
"2008","8.342857142857143","Austria"
"2008","23.86","Belize"
"2008","11.88","Bosnia and Herzegovina"
"2008","12.745000000000001","Bulgaria"
"2008","3.239897435897435","Canada"
"2008","12.009693877551014","China"
"2008","13.987692307692306","Croatia"
"2008","20.186666666666667","Cyprus"
"2008","9.954999999999998","Denmark"
"2008","23.185","Egypt"
"2008","7.518148148148149","Estonia"
"2008","4.507518248175183","Finland"
"2008","12.391136363636365","France"
"2008","9.39785234899329","Germany"
"2008","-2.1483333333333334","Greenland"
"2008","27.83","Guam"
"2008","11.41","Guernsey"
"2008","12.25","Hungary"
"2008","1.9299999999999997","Iceland"
"2008","26.588823529411766","India"
"2008","10.246666666666668","Ireland"
"2008","10.46","Isle of Man"
"2008","21.15","Israel"
"2008","9.305","Italy"
"2008","11.52","Jersey"
"2008","9.84","Kazakhstan"
"2008","8.74","Latvia"
"2008","24.7","Libyan Arab Jamahiriya"
"2008","8.438333333333333","Lithuania"
"2008","9.79","Luxembourg"
"2008","27.715","Marshall Islands"
"2008","21.96","Mauritius"
"2008","20.576823697359035","Mexico"
"2008","27.299999999999997","Micronesia, Federated States of"
"2008","4.62","Mongolia"
"2008","10.435555555555554","Netherlands"
"2008","26.24","Northern Mariana Islands"
"2008","4.673134328358211","Norway"
"2008","28.676666666666666","Oman"
"2008","27.74","Palau"
"2008","28.4","Papua New Guinea"
"2008","26.16","Philippines"
"2008","9.625","Poland"
"2008","16.71","Portugal"
"2008","25.388","Puerto Rico"
"2008","10.595238095238095","Romania"
"2008","0.980041928721174","Russian Federation"
"2008","26.19","Saudi Arabia"
"2008","13.713333333333333","Serbia"
"2008","9.3775","Slovakia"
"2008","10.30764705882353","Slovenia"
"2008","17.315555555555555","South Africa"
"2008","14.176785714285714","Spain"
"2008","-3.364","Svalbard and Jan Mayen"
"2008","5.642844036697252","Sweden"
"2008","9.20142857142857","Switzerland"
"2008","27.634999999999998","Thailand"
"2008","20.23","Turkey"
"2008","10.013333333333334","Ukraine"
"2008","9.643809523809523","United Kingdom"
"2008","10.182430659670146","United States"
"2008","26.71","Virgin Islands, U.S."
"2008","27.43","Yemen"
"2009","6.7316666666666665","Aland Islands"
"2009","17.992857142857144","Algeria"
"2009","27.98","American Samoa"
"2009","18.620837696335084","Australia"
"2009","8.141428571428573","Austria"
"2009","24.63","Belize"
"2009","26.41","Bolivia"
"2009","11.53","Bosnia and Herzegovina"
"2009","12.695","Bulgaria"
"2009","2.973174603174601","Canada"
"2009","12.041243523316062","China"
"2009","13.81153846153846","Croatia"
"2009","19.103333333333335","Cyprus"
"2009","9.1375","Denmark"
"2009","22.65","Egypt"
"2009","6.245555555555556","Estonia"
"2009","3.445602836879433","Finland"
"2009","12.7525","France"
"2009","9.104967032967036","Germany"
"2009","-4.402","Greenland"
"2009","27.88","Guam"
"2009","11.29","Guernsey"
"2009","12.01","Hungary"
"2009","5.3475","Iceland"
"2009","25.9675","India"
"2009","10.336666666666668","Ireland"
"2009","10.46","Isle of Man"
"2009","19.956666666666667","Israel"
"2009","-0.19","Italy"
"2009","11.49","Jersey"
"2009","9.63","Kazakhstan"
"2009","7.640000000000001","Latvia"
"2009","24.68","Libyan Arab Jamahiriya"
"2009","7.331666666666666","Lithuania"
"2009","9.925","Luxembourg"
"2009","28.085","Marshall Islands"
"2009","22.32","Mauritius"
"2009","21.03912305516267","Mexico"
"2009","27.912","Micronesia, Federated States of"
"2009","4.2700000000000005","Mongolia"
"2009","10.274545454545455","Netherlands"
"2009","27.67","Northern Mariana Islands"
"2009","4.486999999999999","Norway"
"2009","27.34","Oman"
"2009","27.67","Palau"
"2009","27.413333333333338","Philippines"
"2009","8.879999999999999","Poland"
"2009","17.94","Portugal"
"2009","25.267777777777777","Puerto Rico"
"2009","11.2125","Romania"
"2009","-0.2493801652892561","Russian Federation"
"2009","26.1575","Saudi Arabia"
"2009","30.6","Senegal"
"2009","13.229999999999999","Serbia"
"2009","8.9","Slovakia"
"2009","10.13","Slovenia"
"2009","16.418","South Africa"
"2009","14.655069444444443","Spain"
"2009","-3.1","Svalbard and Jan Mayen"
"2009","4.761524663677129","Sweden"
"2009","9.434285714285712","Switzerland"
"2009","28.126666666666665","Thailand"
"2009","10.03111111111111","Ukraine"
"2009","9.764032258064516","United Kingdom"
"2009","10.335372034507516","United States"
"2009","14.566666666666668","Uzbekistan"
"2009","27.175","Virgin Islands, U.S."
"2009","28.61","Yemen"
"2010","5.001428571428572","Aland Islands"
"2010","19.322857142857142","Algeria"
"2010","27.96","American Samoa"
"2010","18.093743315508036","Australia"
"2010","7.3","Austria"
"2010","24.42","Belize"
"2010","17.16","Bolivia"
"2010","11.19","Bosnia and Herzegovina"
"2010","12.629999999999999","Bulgaria"
"2010","4.853936591809781","Canada"
"2010","11.820989583333331","China"
"2010","12.947692307692307","Croatia"
"2010","19.555000000000003","Cyprus"
"2010","7.3725000000000005","Denmark"
"2010","25.2975","Egypt"
"2010","5.191200000000001","Estonia"
"2010","1.9737956204379556","Finland"
"2010","11.64340909090909","France"
"2010","7.754806034482762","Germany"
"2010","0.13666666666666671","Greenland"
"2010","27.9","Guam"
"2010","10.58","Guernsey"
"2010","10.95","Hungary"
"2010","3.2260000000000004","Iceland"
"2010","26.174","India"
"2010","26.950000000000003","Indonesia"
"2010","9.43","Isle of Man"
"2010","21.506666666666664","Israel"
"2010","-1.52","Italy"
"2010","10.91","Jersey"
"2010","8.8","Kazakhstan"
"2010","6.08","Latvia"
"2010","26.29","Libyan Arab Jamahiriya"
"2010","8.79","Luxembourg"
"2010","27.39","Madagascar"
"2010","28.175","Marshall Islands"
"2010","22.39","Mauritius"
"2010","20.444653386454185","Mexico"
"2010","27.959999999999997","Micronesia, Federated States of"
"2010","3.84","Mongolia"
"2010","8.856153846153846","Netherlands"
"2010","30.75","Niger"
"2010","2.621297709923665","Norway"
"2010","27.74","Palau"
"2010","29.27","Papua New Guinea"
"2010","7.45","Poland"
"2010","17.56","Portugal"
"2010","25.429166666666664","Puerto Rico"
"2010","10.122380952380954","Romania"
"2010","-0.12010309278350495","Russian Federation"
"2010","27.029999999999994","Saudi Arabia"
"2010","28.74","Senegal"
"2010","12.816666666666665","Serbia"
"2010","8.085","Slovakia"
"2010","9.090526315789473","Slovenia"
"2010","16.351","South Africa"
"2010","13.794275862068963","Spain"
"2010","-3.5460000000000003","Svalbard and Jan Mayen"
"2010","2.9277578475336328","Sweden"
"2010","8.404285714285715","Switzerland"
"2010","28.060000000000002","Thailand"
"2010","27.36","Togo"
"2010","10.328888888888889","Ukraine"
"2010","8.476285714285714","United Kingdom"
"2010","10.679250332446806","United States"
"2010","15.36","Uzbekistan"
"2010","27.45","Virgin Islands, U.S."
"2010","28.57","Yemen"
"2011","7.164","Aland Islands"
"2011","18.00222222222222","Algeria"
"2011","27.34","American Samoa"
"2011","17.82096590909092","Australia"
"2011","8.547142857142857","Austria"
"2011","26.01","Belize"
"2011","28.240000000000002","Benin"
"2011","11.21","Bosnia and Herzegovina"
"2011","12.04","Bulgaria"
"2011","3.7737437185929634","Canada"
"2011","11.645364583333334","China"
"2011","14.008461538461539","Croatia"
"2011","26.03333333333333","Cuba"
"2011","18.185714285714287","Cyprus"
"2011","9.096666666666666","Denmark"
"2011","26.45","Dominican Republic"
"2011","23.459999999999997","Egypt"
"2011","7.111481481481481","Estonia"
"2011","4.380270270270271","Finland"
"2011","13.352045454545452","France"
"2011","9.666630434782606","Germany"
"2011","-3.571999999999999","Greenland"
"2011","27.81","Guam"
"2011","12.02","Guernsey"
"2011","11.546000000000001","Hungary"
"2011","5.165000000000001","Iceland"
"2011","26.48","Indonesia"
"2011","10.77","Isle of Man"
"2011","19.279999999999998","Israel"
"2011","0.81","Italy"
"2011","12.39","Jersey"
"2011","8.92","Kazakhstan"
"2011","8.030000000000001","Latvia"
"2011","10.605","Luxembourg"
"2011","26.68","Madagascar"
"2011","28.015","Marshall Islands"
"2011","21.083108677337833","Mexico"
"2011","27.82","Micronesia, Federated States of"
"2011","4.305","Mongolia"
"2011","10.745945945945946","Netherlands"
"2011","30.19333333333333","Niger"
"2011","27.66","Northern Mariana Islands"
"2011","5.052835820895522","Norway"
"2011","27.67","Palau"
"2011","28.36","Papua New Guinea"
"2011","26.975","Philippines"
"2011","9.54","Poland"
"2011","18.01","Portugal"
"2011","25.62375","Puerto Rico"
"2011","9.781904761904762","Romania"
"2011","0.5707276507276509","Russian Federation"
"2011","27.5","Saudi Arabia"
"2011","27.87","Senegal"
"2011","12.613333333333335","Serbia"
"2011","27.35","Seychelles"
"2011","8.7625","Slovakia"
"2011","10.17421052631579","Slovenia"
"2011","16.21777777777778","South Africa"
"2011","14.935960264900668","Spain"
"2011","-2.778","Svalbard and Jan Mayen"
"2011","5.777117903930127","Sweden"
"2011","10.111428571428572","Switzerland"
"2011","27.56","Thailand"
"2011","9.13888888888889","Ukraine"
"2011","10.18357142857143","United Kingdom"
"2011","10.693147184098422","United States"
"2011","27.03333333333333","Virgin Islands, U.S."
"2012","6.13","Aland Islands"
"2012","18.3975","Algeria"
"2012","27.43","American Samoa"
"2012","17.855984703632885","Australia"
"2012","8.37","Austria"
"2012","25.87","Belize"
"2012","27.54","Benin"
"2012","26.459999999999997","Bolivia"
"2012","11.58","Bosnia and Herzegovina"
"2012","13.059999999999999","Bulgaria"
"2012","4.571825726141079","Canada"
"2012","11.410885416666668","China"
"2012","14.052307692307693","Croatia"
"2012","26.09","Cuba"
"2012","19.801666666666666","Cyprus"
"2012","8.735","Denmark"
"2012","23.78833333333333","Egypt"
"2012","5.639615384615384","Estonia"
"2012","2.804105960264901","Finland"
"2012","12.587272727272728","France"
"2012","9.037775330396475","Germany"
"2012","-1.5744444444444445","Greenland"
"2012","27.85","Guam"
"2012","11.28","Guernsey"
"2012","12.094","Hungary"
"2012","3.3379999999999996","Iceland"
"2012","25.955263157894734","India"
"2012","27.345","Indonesia"
"2012","10.09","Isle of Man"
"2012","19.963333333333335","Israel"
"2012","0.05","Italy"
"2012","11.59","Jersey"
"2012","8.51","Kazakhstan"
"2012","7.28","Latvia"
"2012","9.735","Luxembourg"
"2012","28.415","Marshall Islands"
"2012","27.03","Mauritius"
"2012","20.54133913043477","Mexico"
"2012","28.063333333333333","Micronesia, Federated States of"
"2012","3.625","Mongolia"
"2012","27.54","Myanmar"
"2012","10.096250000000001","Netherlands"
"2012","29.365","Niger"
"2012","27.9","Northern Mariana Islands"
"2012","3.6766917293233083","Norway"
"2012","27.87","Palau"
"2012","28.22","Papua New Guinea"
"2012","28.01","Philippines"
"2012","8.935","Poland"
"2012","17.21","Portugal"
"2012","25.164545454545454","Puerto Rico"
"2012","10.591904761904763","Romania"
"2012","0.2038289205702646","Russian Federation"
"2012","24.026666666666667","Saudi Arabia"
"2012","27.3","Senegal"
"2012","13.343333333333334","Serbia"
"2012","8.8475","Slovakia"
"2012","9.915000000000001","Slovenia"
"2012","14.957999999999998","South Africa"
"2012","14.25386075949367","Spain"
"2012","27.73","Sri Lanka"
"2012","-1.8699999999999999","Svalbard and Jan Mayen"
"2012","4.4197844827586215","Sweden"
"2012","9.468571428571428","Switzerland"
"2012","28.455","Thailand"
"2012","26.77","Togo"
"2012","10.056666666666665","Ukraine"
"2012","9.304328358208958","United Kingdom"
"2012","11.86029439847231","United States"
"2012","26.869999999999997","Virgin Islands, U.S."
"2012","27.56","Wallis and Futuna"
"2012","28.68","Yemen"
"2013","6.951428571428571","Aland Islands"
"2013","17.22","Algeria"
"2013","27.78","American Samoa"
"2013","18.633515482695802","Australia"
"2013","8.020000000000001","Austria"
"2013","27.490000000000002","Benin"
"2013","11.75","Bosnia and Herzegovina"
"2013","13.025","Bulgaria"
"2013","3.9671745562130183","Canada"
"2013","27.69","Cayman Islands"
"2013","2.15","China"
"2013","13.726153846153846","Croatia"
"2013","25.93","Cuba"
"2013","19.815","Cyprus"
"2013","9.015","Denmark"
"2013","6.75576923076923","Estonia"
"2013","4.172129032258065","Finland"
"2013","12.133999999999999","France"
"2013","8.643481152993349","Germany"
"2013","28.25","Guam"
"2013","11.04","Guernsey"
"2013","11.802","Hungary"
"2013","4.890000000000001","Iceland"
"2013","26.72","India"
"2013","9.88","Ireland"
"2013","9.96","Isle of Man"
"2013","21.155","Israel"
"2013","-0.68","Italy"
"2013","11.21","Jersey"
"2013","7.925","Latvia"
"2013","24.81","Libyan Arab Jamahiriya"
"2013","9.274999999999999","Luxembourg"
"2013","26.35","Madagascar"
"2013","28.4","Marshall Islands"
"2013","24.575000000000003","Mauritius"
"2013","22.908499999999997","Mexico"
"2013","28.2","Micronesia, Federated States of"
"2013","0.22","Mongolia"
"2013","15.17","Morocco"
"2013","9.564750000000004","Netherlands"
"2013","29.286666666666665","Niger"
"2013","26.99","Northern Mariana Islands"
"2013","4.464999999999999","Norway"
"2013","28","Palau"
"2013","28.59","Papua New Guinea"
"2013","27.61","Philippines"
"2013","8.9","Poland"
"2013","17.21","Portugal"
"2013","25.294285714285714","Puerto Rico"
"2013","11.175499999999998","Romania"
"2013","0.7375052410901471","Russian Federation"
"2013","26.125","Saudi Arabia"
"2013","13.36","Serbia"
"2013","8.790000000000001","Slovakia"
"2013","9.995263157894739","Slovenia"
"2013","16.37857142857143","South Africa"
"2013","14.059493670886077","Spain"
"2013","27.655","Sri Lanka"
"2013","-3.214","Svalbard and Jan Mayen"
"2013","5.020921658986177","Sweden"
"2013","8.874285714285714","Switzerland"
"2013","27.79","Thailand"
"2013","26.97","Togo"
"2013","9.8675","Ukraine"
"2013","9.304375","United Kingdom"
"2013","10.436252858542959","United States"
"2013","15.339999999999998","Uzbekistan"
"2013","27.33","Virgin Islands, U.S."
"2013","27.68","Wallis and Futuna"
"2013","27.68","Yemen"
"2014","7.699999999999998","Aland Islands"
"2014","17.66625","Algeria"
"2014","27.62","American Samoa"
"2014","18.826472795497192","Australia"
"2014","9.092857142857143","Austria"
"2014","12.37","Bosnia and Herzegovina"
"2014","21.76","Botswana"
"2014","12.844999999999999","Bulgaria"
"2014","3.358432934926958","Canada"
"2014","2.83","China"
"2014","14.319230769230767","Croatia"
"2014","10.245000000000001","Denmark"
"2014","7.156666666666667","Estonia"
"2014","8.1","Faroe Islands"
"2014","4.571020408163266","Finland"
"2014","13.449555555555555","France"
"2014","10.350330396475773","Germany"
"2014","-1.67375","Greenland"
"2014","28.07","Guam"
"2014","12.45","Guernsey"
"2014","12.693999999999999","Hungary"
"2014","1.7266666666666668","Iceland"
"2014","25.335","India"
"2014","10.813333333333333","Ireland"
"2014","11.13","Isle of Man"
"2014","19.87666666666667","Israel"
"2014","0.28","Italy"
"2014","12.66","Jersey"
"2014","8.56","Latvia"
"2014","10.915","Luxembourg"
"2014","25.92","Madagascar"
"2014","28.25333333333333","Marshall Islands"
"2014","24.935","Mauritius"
"2014","21.57842105263158","Mexico"
"2014","27.926666666666666","Micronesia, Federated States of"
"2014","1.42","Mongolia"
"2014","11.551315789473685","Netherlands"
"2014","27.8","Northern Mariana Islands"
"2014","5.568985507246377","Norway"
"2014","28.046666666666667","Oman"
"2014","28.03","Palau"
"2014","28.34","Papua New Guinea"
"2014","27.83","Philippines"
"2014","10.265","Poland"
"2014","17.55","Portugal"
"2014","25.535000000000004","Puerto Rico"
"2014","10.751428571428571","Romania"
"2014","0.6807860262008735","Russian Federation"
"2014","25.71","Saudi Arabia"
"2014","13.786666666666667","Serbia"
"2014","10.1525","Slovakia"
"2014","11.069473684210527","Slovenia"
"2014","17.936363636363634","South Africa"
"2014","14.675256410256411","Spain"
"2014","27.66","Sri Lanka"
"2014","-1.8860000000000003","Svalbard and Jan Mayen"
"2014","6.192757009345792","Sweden"
"2014","10.20142857142857","Switzerland"
"2014","27.763333333333332","Thailand"
"2014","9.735","Ukraine"
"2014","10.494000000000003","United Kingdom"
"2014","10.489136065573765","United States"
"2014","11.21","Uzbekistan"
"2014","27.375","Virgin Islands, U.S."
"2014","28.19","Yemen"
"2015","8.171666666666667","Aland Islands"
"2015","17.844285714285714","Algeria"
"2015","27.48","American Samoa"
"2015","13.54","Armenia"
"2015","18.475248508946322","Australia"
"2015","9.064285714285715","Austria"
"2015","11.38","Bosnia and Herzegovina"
"2015","13.11","Bulgaria"
"2015","4.456420525657072","Canada"
"2015","3.42","China"
"2015","14.244615384615384","Croatia"
"2015","28.43","Cuba"
"2015","9.51","Denmark"
"2015","27.02","Dominican Republic"
"2015","22.9","Egypt"
"2015","7.662727272727272","Estonia"
"2015","7.22","Faroe Islands"
"2015","4.7459333333333324","Finland"
"2015","13.231555555555556","France"
"2015","9.895752212389386","Germany"
"2015","-3.3507692307692305","Greenland"
"2015","27.8","Guam"
"2015","11.9","Guernsey"
"2015","12.443999999999999","Hungary"
"2015","-1.1483333333333337","Iceland"
"2015","25.3","India"
"2015","27.27","Indonesia"
"2015","10.0825","Ireland"
"2015","10.24","Isle of Man"
"2015","19.849999999999998","Israel"
"2015","1.03","Italy"
"2015","12.04","Jersey"
"2015","8.81","Latvia"
"2015","19.57","Libyan Arab Jamahiriya"
"2015","10.42","Luxembourg"
"2015","28.27","Marshall Islands"
"2015","19.602941176470587","Mexico"
"2015","27.642857142857142","Micronesia, Federated States of"
"2015","1.72","Mongolia"
"2015","15.63","Morocco"
"2015","10.701951219512196","Netherlands"
"2015","5.1955319148936185","Norway"
"2015","28.29","Palau"
"2015","28.41","Papua New Guinea"
"2015","27.62","Philippines"
"2015","9.84","Poland"
"2015","17.82","Portugal"
"2015","26.151818181818182","Puerto Rico"
"2015","11.05142857142857","Romania"
"2015","1.3457883369330452","Russian Federation"
"2015","-16.23","Saint Helena"
"2015","24.49","Saudi Arabia"
"2015","13.583333333333334","Serbia"
"2015","9.61","Slovakia"
"2015","10.733157894736843","Slovenia"
"2015","18.009499999999996","South Africa"
"2015","14.9046875","Spain"
"2015","27.91","Sri Lanka"
"2015","-1.7850000000000001","Svalbard and Jan Mayen"
"2015","5.842097560975608","Sweden"
"2015","10.12857142857143","Switzerland"
"2015","28.695","Thailand"
"2015","10.3825","Ukraine"
"2015","9.833037974683544","United Kingdom"
"2015","11.39740112063284","United States"
"2015","27.63","Virgin Islands, U.S."
"2015","27.62","Wallis and Futuna"
"2015","28.56","Yemen"
"2016","7.1000000000000005","Aland Islands"
"2016","28.08","American Samoa"
"2016","18.575252100840352","Australia"
"2016","8.602857142857143","Austria"
"2016","11.59","Bosnia and Herzegovina"
"2016","13.095","Bulgaria"
"2016","5.31931623931624","Canada"
"2016","3.605","China"
"2016","13.918461538461539","Croatia"
"2016","27.82","Cuba"
"2016","9.52","Denmark"
"2016","6.671153846153846","Estonia"
"2016","4.006054421768707","Finland"
"2016","12.86111111111111","France"
"2016","9.532271714922052","Germany"
"2016","18.29","Greece"
"2016","-0.9627272727272728","Greenland"
"2016","28.48","Guam"
"2016","11.78","Guernsey"
"2016","11.968","Hungary"
"2016","0.5171428571428573","Iceland"
"2016","26.618461538461535","India"
"2016","28.15","Indonesia"
"2016","10.485","Ireland"
"2016","10.65","Isle of Man"
"2016","21.32","Israel"
"2016","11.72","Jersey"
"2016","10.201666666666666","Korea, Democratic People's Republic of"
"2016","8.2","Latvia"
"2016","9.985","Luxembourg"
"2016","28.604999999999997","Marshall Islands"
"2016","21.461999999999996","Mexico"
"2016","28.271666666666665","Micronesia, Federated States of"
"2016","0.33","Mongolia"
"2016","10.690952380952382","Netherlands"
"2016","30.049999999999997","Niger"
"2016","27.96","Northern Mariana Islands"
"2016","5.119565217391303","Norway"
"2016","28.35","Palau"
"2016","29.48","Papua New Guinea"
"2016","28.16","Philippines"
"2016","9.52","Poland"
"2016","17.85","Portugal"
"2016","25.8275","Puerto Rico"
"2016","11.277","Romania"
"2016","0.8687904967602589","Russian Federation"
"2016","25.82","Saudi Arabia"
"2016","13.17","Serbia"
"2016","9.065","Slovakia"
"2016","10.492941176470588","Slovenia"
"2016","18.826153846153847","South Africa"
"2016","14.741847133757963","Spain"
"2016","-0.009999999999999934","Svalbard and Jan Mayen"
"2016","5.517947368421054","Sweden"
"2016","11.13","Switzerland"
"2016","9.7675","Ukraine"
"2016","10.022173913043478","United Kingdom"
"2016","11.557622553120288","United States"
"2016","27.49","Virgin Islands, U.S."
"2016","28.45","Yemen"
"2017","7.042","Aland Islands"
"2017","27.87","American Samoa"
"2017","12.04","Armenia"
"2017","18.637536231884063","Australia"
"2017","8.425714285714287","Austria"
"2017","11.54","Bosnia and Herzegovina"
"2017","12.67","Bulgaria"
"2017","4.392216905901116","Canada"
"2017","2.77","China"
"2017","13.857692307692307","Croatia"
"2017","9.225","Denmark"
"2017","6.539999999999998","Estonia"
"2017","3.4806293706293694","Finland"
"2017","13.07511111111111","France"
"2017","9.562286995515693","Germany"
"2017","-2.546666666666667","Greenland"
"2017","28.21","Guam"
"2017","12.03","Guernsey"
"2017","12","Hungary"
"2017","-4.782500000000001","Iceland"
"2017","26.85166666666667","India"
"2017","27.15","Indonesia"
"2017","10.496666666666666","Ireland"
"2017","10.68","Isle of Man"
"2017","27.84","Jamaica"
"2017","12.14","Jersey"
"2017","7.89","Latvia"
"2017","10.25","Luxembourg"
"2017","27.11","Madagascar"
"2017","29.66","Mali"
"2017","28.453333333333333","Marshall Islands"
"2017","20.931874999999998","Mexico"
"2017","28.088571428571434","Micronesia, Federated States of"
"2017","1.12","Mongolia"
"2017","12.236","Montenegro"
"2017","16.5","Morocco"
"2017","10.840476190476192","Netherlands"
"2017","28.759999999999998","Niger"
"2017","28.47","Northern Mariana Islands"
"2017","4.547846153846154","Norway"
"2017","28.19","Palau"
"2017","28.64","Papua New Guinea"
"2017","9.524999999999999","Poland"
"2017","18.18","Portugal"
"2017","27.255000000000003","Puerto Rico"
"2017","11.1835","Romania"
"2017","1.085806451612904","Russian Federation"
"2017","13.376666666666665","Serbia"
"2017","8.8475","Slovakia"
"2017","10.047272727272729","Slovenia"
"2017","18.254","South Africa"
"2017","14.988571428571424","Spain"
"2017","-1.464","Svalbard and Jan Mayen"
"2017","5.246825396825398","Sweden"
"2017","10.004999999999999","Ukraine"
"2017","10.220833333333333","United Kingdom"
"2017","11.302504267668152","United States"
"2017","17.83","Uruguay"
"2017","14.69","Uzbekistan"
"2018","7.4325","Aland Islands"
"2018","27.69","American Samoa"
"2018","18.73663697104677","Australia"
"2018","9.274285714285714","Austria"
"2018","26.395","Bolivia"
"2018","12.2","Bosnia and Herzegovina"
"2018","13.195","Bulgaria"
"2018","3.9866309341500745","Canada"
"2018","2.65","China"
"2018","23.68","Costa Rica"
"2018","14.565384615384618","Croatia"
"2018","27.39","Cuba"
"2018","9.870000000000001","Denmark"
"2018","26.81","Dominican Republic"
"2018","7.077894736842104","Estonia"
"2018","4.153939393939393","Finland"
"2018","13.538222222222222","France"
"2018","10.418522727272734","Germany"
"2018","-3.1099999999999994","Greenland"
"2018","28.52","Guam"
"2018","12.07","Guernsey"
"2018","12.916","Hungary"
"2018","-2.693333333333333","Iceland"
"2018","26.3975","India"
"2018","10.145","Ireland"
"2018","10.5","Isle of Man"
"2018","21.78","Israel"
"2018","0.65","Italy"
"2018","28.17","Jamaica"
"2018","12.2","Jersey"
"2018","11.04","Luxembourg"
"2018","28.28","Marshall Islands"
"2018","20.366470588235295","Mexico"
"2018","27.866666666666664","Micronesia, Federated States of"
"2018","1.1","Mongolia"
"2018","13.093333333333334","Montenegro"
"2018","14.8","Morocco"
"2018","11.153589743589745","Netherlands"
"2018","29.61","Niger"
"2018","4.739910714285714","Norway"
"2018","28.802500000000002","Oman"
"2018","28.98","Papua New Guinea"
"2018","28.26","Philippines"
"2018","10.280000000000001","Poland"
"2018","17.35","Portugal"
"2018","25.975000000000005","Puerto Rico"
"2018","11.629499999999998","Romania"
"2018","0.8729662921348316","Russian Federation"
"2018","-15.92","Saint Helena"
"2018","9.9525","Slovakia"
"2018","11.014375","Slovenia"
"2018","18.10571428571429","South Africa"
"2018","14.475337423312887","Spain"
"2018","-1.024","Svalbard and Jan Mayen"
"2018","5.708453038674037","Sweden"
"2018","10.65","Switzerland"
"2018","9.84","Ukraine"
"2018","10.255090909090908","United Kingdom"
"2018","10.845767259056739","United States"
"2018","27.34","Virgin Islands, U.S."
"2018","27.66","Wallis and Futuna"
"2019","7.521666666666666","Aland Islands"
"2019","27.97","American Samoa"
"2019","13.75","Armenia"
"2019","18.933199105145412","Australia"
"2019","9.222857142857142","Austria"
"2019","28.27","Benin"
"2019","12.37","Bosnia and Herzegovina"
"2019","13.495000000000001","Bulgaria"
"2019","3.5362200282087457","Canada"
"2019","14.528461538461539","Croatia"
"2019","27.2","Cuba"
"2019","9.855","Denmark"
"2019","27.22","Dominican Republic"
"2019","7.608333333333333","Estonia"
"2019","3.6376470588235303","Finland"
"2019","13.365581395348839","France"
"2019","10.193967517401388","Germany"
"2019","-1.8519999999999999","Greenland"
"2019","27.97","Guam"
"2019","11.99","Guernsey"
"2019","13.081999999999999","Hungary"
"2019","-4.954","Iceland"
"2019","25.822499999999998","India"
"2019","27.679999999999996","Indonesia"
"2019","10.426666666666666","Ireland"
"2019","10.62","Isle of Man"
"2019","20.86","Israel"
"2019","0.49","Italy"
"2019","28.265","Jamaica"
"2019","12.14","Jersey"
"2019","10.625","Luxembourg"
"2019","26.893333333333334","Madagascar"
"2019","28.253333333333334","Marshall Islands"
"2019","21.10055555555555","Mexico"
"2019","27.695000000000004","Micronesia, Federated States of"
"2019","12.825000000000001","Montenegro"
"2019","16.23","Morocco"
"2019","24.98","Mozambique"
"2019","11.116511627906977","Netherlands"
"2019","28.78","Niger"
"2019","4.662905982905983","Norway"
"2019","29.049999999999997","Oman"
"2019","28.89","Papua New Guinea"
"2019","19.43","Philippines"
"2019","10.64","Poland"
"2019","17.74","Portugal"
"2019","26.089090909090906","Puerto Rico"
"2019","12.181","Romania"
"2019","0.6633333333333336","Russian Federation"
"2019","10.02","Slovakia"
"2019","10.760714285714284","Slovenia"
"2019","17.549999999999997","South Africa"
"2019","15.875287356321838","Spain"
"2019","-2.6174999999999997","Svalbard and Jan Mayen"
"2019","5.707333333333333","Sweden"
"2019","10.182857142857143","Switzerland"
"2019","10.755","Ukraine"
"2019","10.078507462686563","United Kingdom"
"2019","10.360091002747257","United States"
"2019","27.623333333333335","Virgin Islands, U.S."
"2020","8.772857142857143","Aland Islands"
"2020","27.87","American Samoa"
"2020","18.651328828828827","Australia"
"2020","8.931428571428572","Austria"
"2020","13.45","Bulgaria"
"2020","4.356777939042088","Canada"
"2020","11.361573033707868","China"
"2020","23.97","Costa Rica"
"2020","14.163636363636364","Croatia"
"2020","27.51","Cuba"
"2020","10.43","Denmark"
"2020","27.12","Dominican Republic"
"2020","8.44222222222222","Estonia"
"2020","5.430890410958903","Finland"
"2020","13.69590909090909","France"
"2020","10.306544622425623","Germany"
"2020","-2.8716666666666666","Greenland"
"2020","27.525","Guam"
"2020","12.39","Guernsey"
"2020","12.459999999999999","Hungary"
"2020","-4.8","Iceland"
"2020","25.705","India"
"2020","10.22","Ireland"
"2020","10.73","Isle of Man"
"2020","1.01","Italy"
"2020","28.225","Jamaica"
"2020","12.65","Jersey"
"2020","9.56","Kazakhstan"
"2020","9.49","Latvia"
"2020","11.18","Luxembourg"
"2020","28.068","Marshall Islands"
"2020","20.982941176470586","Mexico"
"2020","28.124285714285712","Micronesia, Federated States of"
"2020","8.08","Mongolia"
"2020","16.52","Morocco"
"2020","11.506904761904764","Netherlands"
"2020","28.875","Niger"
"2020","28.83","Northern Mariana Islands"
"2020","5.63762711864407","Norway"
"2020","27.37","Palau"
"2020","10.370000000000001","Poland"
"2020","25.541","Puerto Rico"
"2020","1.4625000000000001","Russian Federation"
"2020","26.16","Saudi Arabia"
"2020","9.5075","Slovakia"
"2020","10.623125","Slovenia"
"2020","17.79909090909091","South Africa"
"2020","15.090318471337582","Spain"
"2020","-2.886","Svalbard and Jan Mayen"
"2020","6.8999492385786825","Sweden"
"2020","10.37142857142857","Switzerland"
"2020","29.05","Thailand"
"2020","10.283968253968256","United Kingdom"
"2020","11.070492173913074","United States"
"2020","28.01","Vietnam"
"2020","27.84","Virgin Islands, U.S."
"2021","7.21","Aland Islands"
"2021","27.75","American Samoa"
"2021","18.25558685446009","Australia"
"2021","8.017142857142856","Austria"
"2021","11.95","Bosnia and Herzegovina"
"2021","12.96","Bulgaria"
"2021","4.993279569892474","Canada"
"2021","11.734451612903227","China"
"2021","13.850769230769231","Croatia"
"2021","27.36","Cuba"
"2021","6.701600000000001","Estonia"
"2021","3.4091719745222933","Finland"
"2021","10.030000000000001","France"
"2021","9.124539170506912","Germany"
"2021","2.79","Greenland"
"2021","27.45","Guam"
"2021","11.71","Guernsey"
"2021","-3.58","Iceland"
"2021","10.39","Ireland"
"2021","10.59","Isle of Man"
"2021","-0.09","Italy"
"2021","28.12","Jamaica"
"2021","11.87","Jersey"
"2021","9.03","Kazakhstan"
"2021","28.35166666666667","Marshall Islands"
"2021","20.271818181818183","Mexico"
"2021","27.948571428571434","Micronesia, Federated States of"
"2021","9.15","Mongolia"
"2021","11.6075","Montenegro"
"2021","10.370975609756098","Netherlands"
"2021","28.66","Northern Mariana Islands"
"2021","4.338702290076337","Norway"
"2021","28.765","Palau"
"2021","9.27","Poland"
"2021","25.275","Puerto Rico"
"2021","1.6","Russian Federation"
"2021","13.353333333333333","Serbia"
"2021","9.937058823529412","Slovenia"
"2021","16.961764705882356","South Africa"
"2021","14.580562500000003","Spain"
"2021","-2.026","Svalbard and Jan Mayen"
"2021","5.127575757575759","Sweden"
"2021","9.192857142857141","Switzerland"
"2021","9.993939393939392","United Kingdom"
"2021","11.102008602150546","United States"
"2021","28.03","Vietnam"
"2021","27.526666666666667","Virgin Islands, U.S."
"2022","7.761428571428572","Aland Islands"
"2022","18.219400479616308","Australia"
"2022","8.63","Austria"
"2022","13.565000000000001","Bulgaria"
"2022","4.315052160953799","Canada"
"2022","11.713058823529414","China"
"2022","27.22","Cuba"
"2022","7.126923076923076","Estonia"
"2022","4.258181818181818","Finland"
"2022","15.025","France"
"2022","10.444064665127021","Germany"
"2022","-15.37","Greenland"
"2022","27.17","Guam"
"2022","12.78","Guernsey"
"2022","-3.1179999999999994","Iceland"
"2022","22.689999999999998","India"
"2022","10.805","Ireland"
"2022","11.19","Isle of Man"
"2022","13.05","Jersey"
"2022","9.59","Kazakhstan"
"2022","2.57","Kyrgyzstan"
"2022","26.22","Lao People's Democratic Republic"
"2022","7.27277777777778","Latvia"
"2022","11.285","Luxembourg"
"2022","28.46","Maldives"
"2022","27.895","Marshall Islands"
"2022","20.613157894736844","Mexico"
"2022","27.791666666666668","Micronesia, Federated States of"
"2022","12.928333333333333","Montenegro"
"2022","25.01","Myanmar"
"2022","11.445263157894736","Netherlands"
"2022","27.05","Northern Mariana Islands"
"2022","5.206796875","Norway"
"2022","28.68","Palau"
"2022","29.43","Papua New Guinea"
"2022","10.16","Poland"
"2022","25.115555555555556","Puerto Rico"
"2022","2.9894117647058818","Russian Federation"
"2022","11.295000000000002","Slovenia"
"2022","19.793333333333333","South Africa"
"2022","15.809746835443036","Spain"
"2022","-1.305","Svalbard and Jan Mayen"
"2022","5.989421052631577","Sweden"
"2022","26.575000000000003","Thailand"
"2022","10.834736842105263","United Kingdom"
"2022","10.834394187102625","United States"
"2022","27.83","Vietnam"
"2022","27.23","Virgin Islands, U.S."
